Date,Open,High,Low,Close,Adj Close,Volume
6/29/10,10.12,10.14,9.75,9.88,6.580855,124866100
6/30/10,10.1,10.52,10.04,10.08,6.71407,182831300
7/1/10,10.23,10.63,10.02,10.57,7.040447,153383000
7/2/10,10.58,10.63,10.15,10.28,6.847282,71607100
7/6/10,10.42,10.57,10.04,10.16,6.767356,81246900
7/7/10,10.21,10.63,10.17,10.59,7.05377,72565300
7/8/10,10.72,10.83,10.45,10.62,7.07375,62355500
7/9/10,10.58,10.94,10.54,10.85,7.226949,50732700
7/12/10,10.84,11.13,10.83,11.1,7.393469,56354100
7/13/10,11.47,11.81,11.26,11.66,7.766474,103923200
7/14/10,11.62,11.92,11.54,11.81,7.866385,68051400
7/15/10,11.86,11.9,11.51,11.86,7.899689,66020400
7/16/10,11.75,11.78,11.3,11.34,7.553329,68905500
7/19/10,11.44,11.57,11.23,11.48,7.646577,49910000
7/20/10,11.3,11.76,11.25,11.75,7.826419,53134900
7/21/10,11.82,11.88,11.43,11.55,7.693203,67645100
7/22/10,11.76,12.22,11.75,12.09,8.052885,102031500
7/23/10,12.55,12.75,12.35,12.72,8.472515,161608200
7/26/10,12.82,13.15,12.75,12.94,8.619051,125770900
7/27/10,13.16,13.18,12.85,13.03,8.679,97305400
7/28/10,12.99,13.08,12.86,12.91,8.599073,59746700
7/29/10,13.03,13.11,12.72,12.97,8.639033,88510100
7/30/10,12.81,13.01,12.58,12.77,8.505819,79512400
8/2/10,13.06,13.2,12.94,13.16,8.76559,77124700
8/3/10,13.08,13.24,12.77,12.91,8.599073,115202600
8/4/10,13,13.21,12.95,13.11,8.732285,60875000
8/5/10,13.05,13.05,12.9,12.98,8.645697,51574800
8/6/10,12.83,13.05,12.8,13.04,8.685659,54704600
8/9/10,13.12,13.12,12.92,13.05,8.692322,39072000
8/10/10,12.94,13.03,12.8,12.92,8.605731,50265100
8/11/10,12.65,12.67,12.33,12.41,8.266034,68132100
8/12/10,12.03,12.39,11.9,12.27,8.17278,68017900
8/13/10,12.25,12.37,12.13,12.15,8.092854,41635500
8/16/10,11.96,12.15,11.88,11.99,7.986278,59316100
8/17/10,12.2,12.38,12.06,12.16,8.099513,61043500
8/18/10,12.17,12.29,11.8,12.2,8.126155,54218100
8/19/10,12.13,12.2,11.83,11.89,7.919669,61059000
8/20/10,11.85,11.9,11.6,11.77,7.839743,50806600
8/23/10,11.84,11.9,11.6,11.61,7.733169,42449600
8/24/10,11.28,11.49,11.09,11.24,7.48672,86299200
8/25/10,11.04,11.4,10.95,11.32,7.540006,78571900
8/26/10,11.4,11.56,11.14,11.17,7.440093,56953100
8/27/10,11.26,11.72,11.05,11.56,7.699864,63565200
8/30/10,11.58,11.68,11.35,11.35,7.559988,33651500
8/31/10,11.27,11.46,11.13,11.29,7.520027,64984700
9/1/10,11.53,11.89,11.46,11.61,7.733169,81988800
9/2/10,11.68,11.83,11.57,11.71,7.799776,39943600
9/3/10,11.88,12.14,11.84,12.07,8.039563,65243900
9/7/10,12.01,12.07,11.78,11.8,7.859725,42497600
9/8/10,11.81,11.95,11.7,11.8,7.859725,40798700
9/9/10,11.96,12.04,11.64,11.75,7.826419,48528500
9/10/10,11.81,11.99,11.75,11.79,7.853064,37849800
9/13/10,11.93,12,11.84,11.99,7.986278,36689700
9/14/10,11.96,12.05,11.89,11.98,7.979618,39772300
9/15/10,11.93,11.96,11.76,11.87,7.906349,54102700
9/16/10,12.12,12.53,12.1,12.44,8.286013,141408500
9/17/10,12.53,12.54,12.34,12.49,8.319318,68954600
9/20/10,12.55,12.6,12.38,12.57,8.372604,49812800
9/21/10,12.53,12.75,12.51,12.55,8.359282,59130900
9/22/10,12.43,12.54,12.29,12.38,8.246049,53139300
9/23/10,12.26,12.45,12.15,12.31,8.199423,46866400
9/24/10,12.42,12.57,12.39,12.56,8.365942,42647800
9/27/10,12.57,12.6,12.46,12.48,8.312656,28799700
9/28/10,12.48,12.53,12.27,12.52,8.339298,42671500
9/29/10,12.45,12.5,12.28,12.33,8.212746,45211800
9/30/10,12.44,12.46,12.2,12.24,8.152796,42679600
10/1/10,12.24,12.41,12.12,12.26,8.166118,54565500
10/4/10,12.57,12.92,12.53,12.84,8.552446,95949200
10/5/10,13,13.07,12.92,13.01,8.665676,74701900
10/6/10,13.06,13.45,13.04,13.24,8.818877,92326000
10/7/10,13.32,13.38,13.19,13.32,8.872159,53526700
10/8/10,13.3,13.72,13.28,13.66,9.098628,71857700
10/11/10,13.72,13.9,13.68,13.78,9.178558,48002800
10/12/10,13.71,13.85,13.51,13.78,9.178558,50056400
10/13/10,13.9,13.91,13.64,13.64,9.085306,59061900
10/14/10,13.88,14.01,13.78,13.91,9.265146,78814100
10/15/10,14,14.04,13.61,13.8,9.191878,61337700
10/18/10,13.75,13.9,13.64,13.88,9.245167,34852700
10/19/10,13.63,13.64,13.18,13.32,8.872159,84614000
10/20/10,13.45,13.73,13.35,13.64,9.085306,60800200
10/21/10,13.78,14.16,13.66,13.81,9.198541,85365000
10/22/10,13.86,14.01,13.83,13.95,9.291792,38003100
10/25/10,14.05,14.2,14.01,14.15,9.425007,77370800
10/26/10,13.97,14.47,13.92,14.36,9.564884,214814400
10/27/10,14.34,14.35,14.09,14.23,9.478293,81025700
10/28/10,14.29,14.32,14.06,14.22,9.471633,51719400
10/29/10,14.18,14.23,14.1,14.13,9.411683,52281900
11/1/10,14.32,14.37,14.16,14.23,9.478293,56606000
11/2/10,14.32,14.46,14.22,14.43,9.611509,54691100
11/3/10,14.48,15.2,14.44,15.18,10.111069,185667300
11/4/10,15.51,15.98,15.4,15.86,10.564,193232000
11/5/10,15.98,16.26,15.81,16.209999,10.797128,141539900
11/8/10,16.360001,16.49,16.059999,16.41,10.930345,127386000
11/9/10,16.530001,16.58,15.88,16.07,10.703876,133717300
11/10/10,16.32,16.709999,16.08,16.629999,11.076881,139738200
11/11/10,16.540001,16.66,16.200001,16.610001,11.06356,94746200
11/12/10,16.459999,16.530001,16.040001,16.299999,10.857075,91657100
11/15/10,16.809999,17.41,16.68,17,11.323328,233268400
11/16/10,17.190001,17.42,16.360001,16.51,10.996954,234481200
11/17/10,16.76,16.9,16.52,16.68,11.110185,127748600
11/18/10,16.77,16.870001,16.049999,16.120001,10.737183,256937900
11/19/10,16.02,16.379999,15.83,16.280001,10.843754,130323600
11/22/10,16.26,16.540001,16.110001,16.200001,10.790469,91288900
11/23/10,16.01,16.16,15.62,15.7,10.457428,96689100
11/24/10,15.95,16.059999,15.81,15.95,10.623947,66727700
11/26/10,15.81,16.18,15.75,16.1,10.72386,31557200
11/29/10,16.120001,16.120001,15.86,16.059999,10.697216,61577500
11/30/10,15.92,15.99,15.83,15.94,10.617289,71737400
12/1/10,16.24,16.5,16.139999,16.459999,10.963646,100724400
12/2/10,16.719999,16.860001,16.629999,16.780001,11.176793,82484500
12/3/10,16.629999,16.83,16.6,16.799999,11.190111,67399500
12/6/10,16.66,16.780001,16.52,16.65,11.090201,57290300
12/7/10,16.91,16.92,16.549999,16.559999,11.030257,64104300
12/8/10,16.66,16.73,16.35,16.690001,11.116844,106700000
12/9/10,16.82,16.85,16.66,16.76,11.163472,47280900
12/10/10,16.68,16.77,16.65,16.73,11.143489,38196000
12/13/10,16.65,16.719999,16.469999,16.469999,10.97031,53899700
12/14/10,16.5,16.58,16.389999,16.42,10.937005,43070000
12/15/10,16.370001,16.66,16.35,16.549999,11.023593,44901200
12/16/10,16.52,16.77,16.440001,16.77,11.170134,49567600
12/17/10,16.76,16.85,16.68,16.799999,11.190111,51948100
12/20/10,16.85,16.9,16.629999,16.85,11.223422,41880000
12/21/10,16.889999,17,16.84,16.99,11.316669,35604000
12/22/10,17,17.030001,16.85,16.99,11.316669,31602700
12/23/10,16.9,16.93,16.75,16.780001,11.176793,25730100
12/27/10,16.719999,16.870001,16.6,16.870001,11.236741,27703900
12/28/10,16.83,16.85,16.65,16.73,11.143489,28413200
12/29/10,16.67,16.799999,16.65,16.74,11.150151,25556700
12/30/10,16.719999,16.85,16.65,16.690001,11.116844,24055100
12/31/10,16.65,16.83,16.610001,16.790001,11.183454,22417600
1/3/11,17.02,17.309999,17,17.25,11.489848,70794200
1/4/11,17.389999,17.66,16.959999,17.379999,11.576441,106477200
1/5/11,17.309999,18.09,17.219999,17.889999,11.916141,112378000
1/6/11,18.030001,18.290001,17.950001,18.219999,12.135943,96284400
1/7/11,18.42,18.42,18.08,18.27,12.169248,99029500
1/10/11,18.43,18.49,18.16,18.309999,12.195891,65348400
1/11/11,18.48,18.49,18.129999,18.280001,12.17591,61312500
1/12/11,18.360001,18.75,18.290001,18.709999,12.462324,66841400
1/13/11,18.809999,18.969999,18.549999,18.68,12.442341,100459700
1/14/11,18.610001,18.75,18.58,18.65,12.422358,50279400
1/18/11,18.66,18.77,18.610001,18.700001,12.455664,39737500
1/19/11,18.709999,18.719999,17.77,17.9,11.922802,89216500
1/20/11,17.77,18,17.35,17.780001,11.842867,93501600
1/21/11,17.99,18.110001,17.870001,17.950001,11.956104,48717700
1/24/11,18.030001,18.030001,17.75,17.93,11.942782,51698600
1/25/11,17.860001,18.02,17.66,17.889999,11.916141,47155800
1/26/11,17.969999,18.43,17.9,18.370001,12.23586,66834100
1/27/11,18.52,18.879999,18.33,18.790001,12.51561,67711700
1/28/11,17.790001,17.879999,15.98,16.27,10.83709,480879500
1/31/11,16.559999,16.639999,15.45,15.95,10.623947,275198200
2/1/11,16.139999,16.24,15.85,15.89,10.583983,178894300
2/2/11,15.91,15.98,15.31,15.4,10.257604,187008500
2/3/11,15.38,15.78,15.1,15.76,10.497393,153131300
2/4/11,15.91,15.95,15.64,15.72,10.470748,79198700
2/7/11,15.84,16.360001,15.8,16.110001,10.730522,118132900
2/8/11,16.17,16.26,16.02,16.24,10.81711,59674500
2/9/11,16.129999,16.299999,16.02,16.09,10.717199,61896700
2/10/11,15.99,16.110001,15.9,15.95,10.623947,65334900
2/11/11,16.059999,16.51,15.99,16.379999,10.910359,94736400
2/14/11,16.379999,16.389999,16.02,16.09,10.717199,69632700
2/15/11,16.030001,16.16,15.95,16.1,10.72386,51612800
2/16/11,16.16,16.18,16,16.049999,10.690555,59843600
2/17/11,16.01,16.030001,15.83,15.97,10.637268,53727600
2/18/11,15.95,15.99,15.7,15.77,10.504054,68774000
2/22/11,15.36,15.52,15.08,15.23,10.14437,97449900
2/23/11,15.02,15.04,14.49,14.86,9.897923,159528600
2/24/11,14.57,14.99,14.5,14.7,9.79135,120277400
2/25/11,14.94,15.11,14.85,15.07,10.037798,78341600
2/28/11,15.29,15.29,14.89,15.05,10.024478,54120000
3/1/11,15.1,15.12,14.6,14.66,9.764708,74337200
3/2/11,14.66,14.89,14.62,14.66,9.764708,67127000
3/3/11,14.9,14.95,14.66,14.76,9.831312,66720400
3/4/11,14.79,14.79,14.28,14.42,9.604849,81593400
3/7/11,14.34,14.42,13.98,14.01,9.331758,105389900
3/8/11,14.02,14.55,14.01,14.47,9.638151,106699200
3/9/11,14.59,14.6,14.25,14.29,9.518257,68046300
3/10/11,14.1,14.28,14.01,14.06,9.365059,107127400
3/11/11,13.9,14.46,13.87,14.36,9.564884,72249100
3/14/11,14.47,14.64,14.2,14.3,9.524919,65056100
3/15/11,13.8,14.8,13.75,14.67,9.771367,108919700
3/16/11,14.73,14.79,13.89,14.18,9.44499,127862700
3/17/11,14.56,14.58,14.18,14.26,9.498277,78683000
3/18/11,14.58,14.67,14.43,14.49,9.651473,64541000
3/21/11,14.7,14.72,14.48,14.59,9.718081,46486600
3/22/11,14.52,14.57,14.32,14.34,9.551562,44731700
3/23/11,14.26,14.45,14.02,14.31,9.531577,64431300
3/24/11,14.4,15.12,14.39,15.04,10.017815,128201100
3/25/11,15.2,15.2,14.9,15.01,9.997834,58954600
3/28/11,14.99,15.09,14.83,14.86,9.897923,41259800
3/29/11,14.83,14.94,14.73,14.84,9.884602,33301800
3/30/11,14.88,14.97,14.74,14.86,9.897923,40889600
3/31/11,14.82,14.95,14.71,14.91,9.931225,41909100
4/1/11,15.03,15.42,14.92,15.16,10.097748,116247300
4/4/11,15.39,15.74,15.39,15.55,10.357516,99116600
4/5/11,15.65,15.81,15.55,15.79,10.517375,72322800
4/6/11,15.91,15.98,15.61,15.73,10.477411,62315800
4/7/11,15.71,15.82,15.45,15.53,10.344194,51295100
4/8/11,15.65,15.68,15.16,15.33,10.210979,51126100
4/11/11,15.27,15.4,14.74,14.86,9.897923,85626200
4/12/11,14.59,15,14.5,14.91,9.931225,82591000
4/13/11,15.04,15.05,14.8,14.98,9.977853,58736600
4/14/11,14.74,14.85,14.61,14.81,9.864617,62357700
4/15/11,14.86,14.91,14.61,14.71,9.798013,47434700
4/18/11,14.51,14.74,14.49,14.62,9.738063,49822500
4/19/11,14.65,14.79,14.54,14.66,9.764708,33575500
4/20/11,14.95,15.2,14.84,15.09,10.051123,70978900
4/21/11,15.23,15.45,15.1,15.43,10.277587,53181900
4/25/11,15.51,15.59,15.35,15.54,10.350856,54775800
4/26/11,16.040001,16.18,15.66,15.66,10.430785,166900000
4/27/11,15.85,15.87,15.42,15.58,10.377499,84380600
4/28/11,15.47,15.7,15.42,15.5,10.324212,48145500
4/29/11,15.49,15.68,15.4,15.47,10.304231,40203200
5/2/11,15.52,15.69,15.41,15.45,10.290908,42185500
5/3/11,15.42,15.56,15.26,15.38,10.244282,68659100
5/4/11,15.42,15.45,14.97,15.15,10.091084,71753400
5/5/11,14.97,15.3,14.88,15.08,10.044461,62502900
5/6/11,15.26,15.37,15.08,15.11,10.064442,58371200
5/9/11,15.12,15.2,15.02,15.08,10.044461,33369700
5/10/11,15.13,15.2,15.08,15.15,10.091084,36633400
5/11/11,15.11,15.35,15.06,15.15,10.091084,54989600
5/12/11,15.14,15.34,15.12,15.26,10.164353,48775700
5/13/11,15.22,15.3,15.03,15.08,10.044461,43317100
5/16/11,15.21,15.32,15.1,15.13,10.077765,51778600
5/17/11,15.06,15.18,14.82,14.97,9.971189,65261100
5/18/11,15.01,15.16,14.87,15.12,10.071101,41278000
5/19/11,15.1,15.17,15.01,15.12,10.071101,38684200
5/20/11,15.05,15.11,14.97,15,9.991172,39285300
5/23/11,14.71,14.93,14.65,14.8,9.857956,49529300
5/24/11,14.84,14.85,14.56,14.66,9.764708,48890300
5/25/11,14.54,14.66,14.35,14.58,9.71142,93969200
5/26/11,14.51,14.6,14.4,14.56,9.698099,45961100
5/27/11,14.55,14.64,14.46,14.6,9.724743,35654200
5/31/11,14.75,14.92,14.64,14.92,9.93789,66438900
6/1/11,14.78,14.9,14.2,14.23,9.478293,91509400
6/2/11,14.26,14.37,14.09,14.18,9.44499,58588100
6/3/11,13.88,14.22,13.81,14.01,9.331758,57295900
6/6/11,13.99,14.12,13.86,13.91,9.265146,54183600
6/7/11,14.17,14.19,13.94,13.95,9.291792,73208000
6/8/11,13.96,14.01,13.65,13.7,9.125272,77161700
6/9/11,13.74,13.87,13.58,13.8,9.191878,55365400
6/10/11,13.68,13.74,13.33,13.35,8.892143,96684000
6/13/11,13.14,13.26,12.78,13.14,8.75227,110748300
6/14/11,13.29,13.56,13.25,13.43,8.945432,61363200
6/15/11,13.3,13.36,13.05,13.15,8.758927,88736600
6/16/11,13.05,13.18,12.68,12.83,8.545784,91842200
6/17/11,12.94,12.95,12.68,12.77,8.505819,75778900
6/20/11,12.66,13.03,12.65,12.94,8.619051,51392800
6/21/11,13.08,13.53,13.04,13.32,8.872159,72508100
6/22/11,13.39,13.5,13.33,13.36,8.898803,42578600
6/23/11,13.12,13.5,13.06,13.47,8.972073,59361900
6/24/11,13.52,13.6,13.14,13.24,8.818877,82743600
6/27/11,13.35,13.55,13.09,13.46,8.965413,50005900
6/28/11,13.55,13.55,13.25,13.33,8.878823,54013200
6/29/11,13.41,13.51,13.32,13.42,8.938768,54105500
6/30/11,13.46,13.97,13.36,13.79,9.185218,74076900
7/1/11,13.92,14.13,13.73,14.02,9.338419,66304800
7/5/11,14.07,14.18,13.91,14.1,9.391703,47019400
7/6/11,14.13,14.13,13.89,13.96,9.298453,46233600
7/7/11,14.13,14.22,13.9,14.12,9.405025,66182800
7/8/11,13.86,13.9,13.61,13.88,9.245167,68539000
7/11/11,13.64,13.69,13.26,13.32,8.872159,61376200
7/12/11,13.13,13.38,13.12,13.12,8.738948,57768900
7/13/11,13.3,13.43,13.23,13.27,8.838859,44328200
7/14/11,13.33,13.4,13.04,13.09,8.718963,45989000
7/15/11,13.14,13.2,13,13.09,8.718963,41208600
7/18/11,13.02,13.06,12.63,12.9,8.592408,66084800
7/19/11,13,13.18,12.86,13.09,8.718963,53892600
7/20/11,13.19,13.19,12.92,13.08,8.712303,33450700
7/21/11,13.16,13.32,13.08,13.28,8.845517,43705600
7/22/11,13.29,13.34,13.15,13.31,8.865503,26480600
7/25/11,13.04,13.24,13.01,13.17,8.772249,45334300
7/26/11,13.3,13.44,12.85,12.94,8.619051,109165800
7/27/11,12.8,12.85,12.3,12.37,8.239389,113808600
7/28/11,12.4,12.65,12.3,12.32,8.206085,69884600
7/29/11,12.11,12.42,12,12.21,8.132813,68621600
8/1/11,12.75,12.81,12.21,12.35,8.226065,73771800
8/2/11,12.28,12.35,11.82,11.85,7.893026,97171100
8/3/11,11.92,11.92,11.36,11.65,7.759814,127291500
8/4/11,11.49,11.51,10.77,10.86,7.233611,153368800
8/5/11,11.05,11.23,10.32,10.84,7.220288,139254200
8/8/11,10.02,10.42,9.87,9.93,6.614156,202155900
8/9/11,10.5,10.95,10.13,10.91,7.266914,177330900
8/10/11,10.82,10.87,10.32,10.41,6.933876,119877300
8/11/11,10.48,11.12,10.43,10.94,7.286896,114926800
8/12/11,11.29,11.31,11,11.06,7.366825,79279300
8/15/11,11.29,11.37,11.17,11.35,7.559988,46283800
8/16/11,11.23,11.45,11.05,11.22,7.473398,53398200
8/17/11,11.34,11.4,10.92,11.11,7.400128,52262000
8/18/11,10.67,10.7,10.22,10.38,6.913891,87073500
8/19/11,10.05,10.45,9.9,9.99,6.654121,87207200
8/22/11,10.39,10.39,9.81,10.01,6.667443,73424500
8/23/11,10.16,10.32,10.01,10.31,6.867265,52107600
8/24/11,10.31,10.46,10.13,10.45,6.960517,53035500
8/25/11,10.53,10.72,10.22,10.28,6.847282,50166000
8/26/11,10.18,10.53,10.06,10.4,6.927216,59398700
8/29/11,10.64,10.95,10.61,10.93,7.280235,48857900
8/30/11,10.87,10.96,10.64,10.87,7.240269,50345100
8/31/11,11.03,11.3,10.98,11.12,7.40679,69283600
9/1/11,11.14,11.27,10.81,10.85,7.226949,64031000
9/2/11,10.53,10.68,10.26,10.42,6.940534,62021000
9/6/11,10.02,10.27,10,10.22,6.807319,65558100
9/7/11,10.44,10.58,10.32,10.56,7.033788,45052800
9/8/11,10.49,10.64,10.27,10.34,6.887248,45105500
9/9/11,10.11,10.29,9.98,10.05,6.694085,69911300
9/12/11,9.86,10.14,9.85,10.11,6.734051,58352000
9/13/11,10.16,10.23,10,10.17,6.774015,44205300
9/14/11,10.25,10.5,10.04,10.32,6.873928,70810200
9/15/11,10.45,10.64,10.32,10.63,7.080411,53843200
9/16/11,10.62,10.69,10.36,10.62,7.07375,46858900
9/19/11,10.34,10.62,10.3,10.54,7.020464,41663900
9/20/11,10.61,10.65,10.41,10.42,6.940534,37706900
9/21/11,10.4,10.51,9.97,9.97,6.640798,62227400
9/22/11,9.79,10.14,9.43,9.62,6.407673,115851100
9/23/11,9.46,9.98,9.32,9.86,6.567531,70702600
9/26/11,9.96,10.09,9.7,10.08,6.71407,54424800
9/27/11,10.32,10.35,10.09,10.12,6.740712,65062200
9/28/11,10.18,10.22,9.9,9.93,6.614156,43567700
9/29/11,10.14,10.15,9.75,10,6.660784,52634800
9/30/11,9.89,10.01,9.65,9.67,6.440975,56697200
10/3/11,9.66,9.92,9.36,9.37,6.241153,72828100
10/4/11,9.22,10.13,9.05,10.08,6.71407,103900000
10/5/11,10.07,10.59,9.83,10.56,7.033788,96318100
10/6/11,10.61,11,10.56,10.99,7.320201,86277500
10/7/11,11.04,11.2,10.63,10.69,7.120373,87812400
10/10/11,10.93,11.23,10.9,11.21,7.466736,57668200
10/11/11,11.17,11.29,11.02,11.24,7.48672,61332000
10/12/11,11.4,11.8,11.38,11.38,7.579971,82907500
10/13/11,11.39,11.46,11.04,11.34,7.553329,60021300
10/14/11,11.58,11.67,11.34,11.56,7.699864,54535700
10/17/11,11.71,11.76,11.32,11.4,7.593289,53715600
10/18/11,11.41,11.93,11.27,11.78,7.846403,66804200
10/19/11,11.77,11.92,11.46,11.56,7.699864,69510100
10/20/11,11.66,11.75,11.47,11.7,7.793116,62145700
10/21/11,11.86,12.32,11.84,12.26,8.166118,86636000
10/24/11,12.31,12.65,12.3,12.51,8.332638,68986900
10/25/11,12.58,12.59,12.14,12.43,8.279355,77049100
10/26/11,12.09,12.2,11.54,11.87,7.906349,159678600
10/27/11,12.29,12.29,11.71,12.08,8.046225,132526600
10/28/11,11.97,12.07,11.86,12,7.992939,60363200
10/31/11,11.8,11.91,11.68,11.68,7.779791,41740400
11/1/11,11.33,11.39,11.03,11.08,7.380147,108235700
11/2/11,11.26,11.28,11.04,11.15,7.426773,52759200
11/3/11,11.29,11.39,11.02,11.32,7.540006,57802200
11/4/11,11.28,11.39,11.12,11.27,7.506703,43133100
11/7/11,11.2,11.3,11.06,11.22,7.473398,39924300
11/8/11,11.27,11.68,11.18,11.61,7.733169,60893400
11/9/11,11.2,11.38,10.98,11.04,7.353505,72026000
11/10/11,11.17,11.19,10.9,10.99,7.320201,50555200
11/11/11,11.15,11.18,11.05,11.14,7.420113,32872400
11/14/11,11.12,11.17,10.98,11.02,7.340182,30530100
11/15/11,10.93,11,10.82,10.87,7.240269,43972900
11/16/11,10.8,10.82,10.5,10.56,7.033788,49001300
11/17/11,10.54,10.56,10.07,10.17,6.774015,69670700
11/18/11,10.28,10.3,10.07,10.1,6.72739,44422000
11/21/11,9.99,10.12,9.8,10.05,6.694085,60890100
11/22/11,10.02,10.15,9.9,10.09,6.72073,43750700
11/23/11,9.97,10.04,9.83,9.83,6.547548,44958400
11/25/11,9.81,9.95,9.75,9.75,6.494263,20118500
11/28/11,10.15,10.19,9.9,10,6.660784,57953300
11/29/11,10.03,10.13,9.92,9.99,6.654121,40443800
11/30/11,10.33,10.6,10.17,10.6,7.060429,66922300
12/1/11,10.51,10.81,10.41,10.59,7.05377,61397000
12/2/11,10.79,11.1,10.75,10.9,7.260252,67252600
12/5/11,11.16,11.42,11.02,11.11,7.400128,65924700
12/6/11,11.1,11.19,11,11.05,7.360163,39786100
12/7/11,11,11.15,10.88,11.08,7.380147,45168800
12/8/11,10.96,11.11,9.84,10.75,7.160343,82552300
12/9/11,10.94,11.11,10.87,11.03,7.346842,48326600
12/12/11,10.87,10.89,10.68,10.85,7.226949,40777500
12/13/11,10.92,11.04,10.36,10.48,6.9805,67905600
12/14/11,10.33,10.41,10.1,10.15,6.760692,53224300
12/15/11,10.31,10.42,10.19,10.25,6.827304,46636200
12/16/11,10.32,10.4,10.16,10.25,6.827304,45962300
12/19/11,10.25,10.39,9.99,10.02,6.674105,45068200
12/20/11,10.21,10.38,10.18,10.33,6.88059,45235100
12/21/11,10.38,10.74,10.33,10.66,7.100395,56203100
12/22/11,10.78,10.98,10.66,10.94,7.286896,43983100
12/23/11,10.99,11,10.79,10.95,7.293557,26953000
12/27/11,10.87,10.98,10.76,10.81,7.200306,25444800
12/28/11,10.82,10.84,10.43,10.52,7.007144,33445100
12/29/11,10.56,10.75,10.5,10.68,7.113715,34317000
12/30/11,10.64,10.79,10.6,10.76,7.167,26815800
1/3/12,11,11.25,10.99,11.13,7.413451,45709900
1/4/12,11.15,11.53,11.07,11.3,7.526683,79725200
1/5/12,11.33,11.63,11.24,11.59,7.719847,67877500
1/6/12,11.74,11.8,11.52,11.71,7.799776,59840700
1/9/12,11.83,11.95,11.7,11.8,7.859725,53981500
1/10/12,12,12.05,11.63,11.8,7.859725,121750600
1/11/12,11.74,12.18,11.65,12.07,8.039563,63806000
1/12/12,12.16,12.18,11.89,12.14,8.086191,48687700
1/13/12,12.01,12.08,11.84,12.04,8.019581,46366700
1/17/12,12.2,12.26,11.96,12.02,8.006258,44398400
1/18/12,12.03,12.37,12,12.34,8.219404,47102700
1/19/12,12.48,12.72,12.43,12.61,8.399248,70894200
1/20/12,12.55,12.64,12.45,12.59,8.385925,43705700
1/23/12,12.69,12.84,12.55,12.66,8.432549,49379700
1/24/12,12.56,12.86,12.46,12.82,8.539123,45768400
1/25/12,12.8,12.98,12.7,12.93,8.612392,54021600
1/26/12,13.03,13.05,12.66,12.79,8.519139,75470700
1/27/12,11.96,12.53,11.79,12.21,8.164732,142155300
1/30/12,12.06,12.44,12,12.29,8.218231,57752600
1/31/12,12.47,12.51,12.2,12.42,8.305159,46412100
2/1/12,12.73,12.75,12.29,12.33,8.244976,71669000
2/2/12,12.4,12.43,12.2,12.26,8.198166,48347600
2/3/12,12.47,12.84,12.39,12.79,8.552573,78851200
2/6/12,12.85,13,12.71,12.96,8.666252,46363300
2/7/12,12.93,12.97,12.83,12.88,8.612759,39413500
2/8/12,12.91,12.96,12.8,12.84,8.586012,35352500
2/9/12,12.89,12.9,12.67,12.69,8.485705,52290500
2/10/12,12.52,12.66,12.37,12.44,8.318533,52505500
2/13/12,12.74,12.74,12.51,12.54,8.385403,34474400
2/14/12,12.46,12.58,12.34,12.48,8.345279,39627900
2/15/12,12.47,12.57,12.33,12.38,8.278411,38174800
2/16/12,12.38,12.77,12.38,12.74,8.519138,49164400
2/17/12,12.84,12.88,12.71,12.75,8.525826,30778000
2/21/12,12.74,12.76,12.46,12.53,8.378715,38409800
2/22/12,12.49,12.51,12.22,12.28,8.211544,43326000
2/23/12,12.27,12.44,12.16,12.4,8.291785,36747600
2/24/12,12.43,12.46,12.19,12.23,8.178106,31399300
2/27/12,12.11,12.36,11.99,12.3,8.224916,38703400
2/28/12,12.34,12.35,12.2,12.25,8.191481,30789000
2/29/12,12.28,12.55,12.25,12.38,8.278411,62093700
3/1/12,12.48,12.77,12.45,12.66,8.465643,68262000
3/2/12,12.74,12.94,12.68,12.72,8.505768,49063500
3/5/12,12.67,12.68,12.41,12.46,8.331907,28433700
3/6/12,12.23,12.25,12,12.09,8.084492,57374500
3/7/12,12.21,12.3,12.15,12.24,8.184793,28440900
3/8/12,12.41,12.55,12.32,12.46,8.331907,37099100
3/9/12,12.53,12.73,12.48,12.58,8.412148,36159300
3/12/12,12.57,12.59,12.37,12.43,8.311848,30275700
3/13/12,12.48,12.72,12.4,12.7,8.492393,42783600
3/14/12,12.64,12.9,12.63,12.88,8.612759,47578500
3/15/12,12.9,13.04,12.83,12.9,8.62613,55286600
3/16/12,12.86,12.9,12.51,12.51,8.365341,77119600
3/19/12,12.52,12.68,12.48,12.63,8.445585,52445700
3/20/12,12.48,12.61,12.39,12.54,8.385403,40214400
3/21/12,12.59,12.67,12.55,12.57,8.405465,27521400
3/22/12,12.48,12.54,12.24,12.32,8.238291,50117100
3/23/12,12.31,12.37,12.18,12.32,8.238291,44755000
3/26/12,12.45,12.5,12.39,12.48,8.345279,26692200
3/27/12,12.51,12.61,12.3,12.32,8.238291,35070700
3/28/12,12.35,12.36,12.18,12.32,8.238291,41051700
3/29/12,12.33,12.52,12.24,12.5,8.358653,51039700
3/30/12,12.55,12.58,12.4,12.48,8.345279,36381000
4/2/12,12.5,12.65,12.44,12.62,8.438897,43966900
4/3/12,12.71,12.95,12.46,12.64,8.452269,97034200
4/4/12,12.46,12.52,12.32,12.51,8.365341,51505000
4/5/12,12.38,12.58,12.38,12.47,8.338593,37939500
4/9/12,12.26,12.29,12.11,12.22,8.171422,42515300
4/10/12,12.19,12.28,11.65,11.79,7.883885,77370300
4/11/12,11.99,12.02,11.88,11.91,7.964128,34724400
4/12/12,11.94,12.13,11.86,12.07,8.071115,26988800
4/13/12,11.98,12.03,11.84,11.92,7.970811,39675000
4/16/12,12.01,12.05,11.83,11.88,7.944065,31903500
4/17/12,11.98,12,11.88,11.91,7.964128,35981200
4/18/12,11.81,11.85,11.72,11.79,7.883885,32314000
4/19/12,11.81,11.88,11.58,11.66,7.796953,48169200
4/20/12,11.71,11.72,11.39,11.41,7.62978,52631000
4/23/12,11.15,11.4,11.15,11.35,7.589659,31269200
4/24/12,11.61,11.61,11.36,11.39,7.616405,38615200
4/25/12,11.51,11.75,11.43,11.73,7.843761,45185400
4/26/12,11.71,11.93,11.67,11.87,7.937379,40889300
4/27/12,12.03,12.04,11.52,11.6,7.756832,83070300
4/30/12,11.42,11.47,11.15,11.28,7.575503,46156300
5/1/12,11.25,11.34,11.11,11.23,7.541924,43959200
5/2/12,11.16,11.17,11,11.1,7.454618,48572900
5/3/12,11.13,11.15,10.85,10.92,7.333731,40238400
5/4/12,10.84,10.87,10.63,10.67,7.165836,53268400
5/7/12,10.53,10.79,10.52,10.66,7.159119,33235200
5/8/12,10.6,10.64,10.4,10.61,7.12554,46174500
5/9/12,10.48,10.81,10.41,10.69,7.179265,54501200
5/10/12,10.83,10.86,10.66,10.71,7.192698,42526100
5/11/12,10.61,10.83,10.56,10.58,7.105392,36561300
5/14/12,10.41,10.53,10.3,10.32,6.930781,50225200
5/15/12,10.34,10.34,10.1,10.15,6.816609,41886500
5/16/12,10.23,10.43,10.15,10.16,6.823325,44321300
5/17/12,10.16,10.25,10.01,10.01,6.722586,49648900
5/18/12,10.08,10.18,9.96,10.01,6.722586,50572000
5/21/12,10.02,10.23,10,10.2,6.850187,38134900
5/22/12,10.25,10.4,10.15,10.19,6.843473,44295700
5/23/12,10.32,10.45,10.22,10.41,6.99122,75647800
5/24/12,10.5,10.62,10.38,10.59,7.112109,45334100
5/25/12,10.61,10.68,10.51,10.6,7.118825,30430800
5/29/12,10.69,10.88,10.68,10.84,7.280005,43760600
5/30/12,10.73,10.75,10.52,10.66,7.159119,44592100
5/31/12,10.62,10.68,10.4,10.56,7.091961,54297000
6/1/12,10.33,10.37,10.06,10.12,6.796463,68237000
6/4/12,10.15,10.18,9.91,10.04,6.742735,57305600
6/5/12,10.01,10.24,9.97,10.19,6.843473,38326200
6/6/12,10.29,10.58,10.27,10.57,7.098675,50458000
6/7/12,10.73,10.78,10.52,10.55,7.085244,33846100
6/8/12,10.48,10.68,10.38,10.66,7.159119,30811600
6/11/12,10.77,10.8,10.45,10.45,7.018085,35811400
6/12/12,10.47,10.55,10.31,10.5,7.051664,35130800
6/13/12,10.39,10.49,10.22,10.3,6.917347,41384200
6/14/12,10.27,10.45,10.21,10.41,6.99122,37531800
6/15/12,10.4,10.42,10.26,10.35,6.950927,39442000
6/18/12,10.35,10.4,10.26,10.34,6.944211,27361000
6/19/12,10.37,10.64,10.35,10.56,7.091961,37155900
6/20/12,10.58,10.74,10.52,10.65,7.152402,40810100
6/21/12,10.65,10.68,10.25,10.27,6.8972,40062800
6/22/12,10.35,10.4,10.18,10.19,6.843473,56427300
6/25/12,10.13,10.18,9.95,10.01,6.722586,44297600
6/26/12,10.06,10.08,9.96,10.01,6.722586,31871900
6/27/12,10.05,10.1,9.97,10.02,6.729304,33278900
6/28/12,9.93,10.09,9.93,10.09,6.776315,38648400
6/29/12,9.95,9.98,9.46,9.59,6.44052,138138600
7/2/12,9.5,9.6,9.3,9.39,6.306204,63388600
7/3/12,9.53,9.79,9.49,9.6,6.447236,49629300
7/5/12,9.67,9.74,9.53,9.57,6.427089,31783900
7/6/12,9.47,9.52,9.4,9.5,6.380078,30355400
7/9/12,9.46,9.47,9.31,9.45,6.346498,37441600
7/10/12,9.5,9.55,9.28,9.35,6.27934,33516600
7/11/12,9.33,9.38,9.26,9.33,6.265907,32028700
7/12/12,9.26,9.28,9.12,9.13,6.131589,55111000
7/13/12,9.16,9.32,9.14,9.27,6.225613,30248300
7/16/12,9.22,9.32,9.15,9.26,6.218897,28838200
7/17/12,9.28,9.35,9.12,9.34,6.272624,29510000
7/18/12,9.38,9.52,9.34,9.38,6.299488,31010000
7/19/12,9.45,9.5,9.33,9.35,6.27934,33615000
7/20/12,9.28,9.35,9.18,9.21,6.185317,27968300
7/23/12,9.08,9.21,9.05,9.17,6.158453,33773800
7/24/12,9.17,9.24,8.95,9.06,6.084581,53519200
7/25/12,9.17,9.2,8.91,8.97,6.024137,44338200
7/26/12,9.05,9.11,8.83,8.96,6.017421,51798900
7/27/12,8.99,9.1,8.88,9,6.044284,67986800
7/30/12,9.04,9.18,9.01,9.1,6.111442,40958300
7/31/12,9.13,9.28,9.12,9.24,6.205466,41360900
8/1/12,9.29,9.42,8.99,9.04,6.10418,65973000
8/2/12,8.99,9.03,8.82,8.92,6.02315,45326500
8/3/12,9.02,9.15,8.96,9.09,6.137941,38631400
8/6/12,9.13,9.21,9.09,9.15,6.178455,23819100
8/7/12,9.18,9.39,9.18,9.31,6.286494,43574500
8/8/12,9.25,9.38,9.24,9.35,6.313505,22630300
8/9/12,9.31,9.46,9.3,9.34,6.30675,30909800
8/10/12,9.3,9.36,9.23,9.35,6.313505,19618800
8/13/12,9.35,9.42,9.25,9.4,6.347266,21122000
8/14/12,9.45,9.66,9.42,9.44,6.374276,21129500
8/15/12,9.44,9.54,9.41,9.49,6.408038,21308300
8/16/12,9.5,9.67,9.49,9.59,6.475561,34323700
8/17/12,9.65,9.66,9.6,9.63,6.502572,34533900
8/20/12,9.58,9.64,9.51,9.63,6.502572,38923800
8/21/12,9.65,9.7,9.52,9.53,6.435047,26281100
8/22/12,9.5,9.56,9.4,9.49,6.408038,26965500
8/23/12,9.45,9.54,9.42,9.45,6.381028,23537700
8/24/12,9.42,9.52,9.41,9.49,6.408038,19574600
8/27/12,9.51,9.52,9.38,9.39,6.340514,22754200
8/28/12,9.37,9.44,9.31,9.34,6.30675,23084400
8/29/12,9.33,9.4,9.29,9.32,6.293245,26115700
8/30/12,9.3,9.34,9.25,9.31,6.286494,16459400
8/31/12,9.39,9.43,9.31,9.34,6.30675,28029200
9/4/12,9.37,9.47,9.35,9.41,6.354018,37965000
9/5/12,9.45,9.62,9.39,9.57,6.462057,40608800
9/6/12,9.66,9.96,9.66,9.92,6.698392,67996400
9/7/12,9.95,10.23,9.93,10.14,6.846942,60617000
9/10/12,10.08,10.28,10.06,10.11,6.826687,43381300
9/11/12,10.18,10.25,10.13,10.15,6.853697,28165300
9/12/12,10.25,10.3,10.17,10.21,6.89421,28046500
9/13/12,10.2,10.38,10.12,10.34,6.981993,50920200
9/14/12,10.41,10.57,10.39,10.53,7.110288,55934300
9/17/12,10.27,10.42,10.26,10.39,7.015756,31922200
9/18/12,10.3,10.45,10.28,10.42,7.03601,34937000
9/19/12,10.49,10.66,10.45,10.59,7.150803,42403000
9/20/12,10.48,10.52,10.35,10.44,7.049518,28755100
9/21/12,10.53,10.54,10.36,10.4,7.022507,35459800
9/24/12,10.3,10.4,10.26,10.32,6.968488,28557900
9/25/12,10.35,10.37,10.06,10.09,6.813184,36866300
9/26/12,9.98,10.12,9.86,10.01,6.759163,44362600
9/27/12,10.13,10.18,10.02,10.02,6.765917,25740900
9/28/12,9.99,10,9.81,9.86,6.657878,44586300
10/1/12,9.89,10.08,9.88,9.93,6.705144,33445600
10/2/12,10.01,10.05,9.71,9.79,6.610609,63630000
10/3/12,9.82,10.02,9.76,9.94,6.711896,51023800
10/4/12,10.06,10.15,9.96,10.11,6.826687,46855500
10/5/12,10.17,10.28,10.13,10.16,6.860449,40693900
10/8/12,10.06,10.12,9.99,10.05,6.786172,25473900
10/9/12,10.21,10.25,10.02,10.1,6.819934,38235700
10/10/12,10.12,10.12,9.95,9.98,6.738906,33951600
10/11/12,10.06,10.26,10.05,10.14,6.846942,39328700
10/12/12,10.14,10.25,10.09,10.12,6.83344,24108500
10/15/12,10.11,10.25,10.09,10.22,6.900962,26466500
10/16/12,10.26,10.32,10.22,10.3,6.954982,32788400
10/17/12,10.31,10.41,10.26,10.41,7.029261,29346300
10/18/12,10.36,10.57,10.33,10.43,7.042764,44041700
10/19/12,10.42,10.43,10.13,10.18,6.873953,40493000
10/22/12,10.14,10.24,10.03,10.17,6.867205,39149700
10/23/12,10.02,10.11,9.97,10,6.75241,32476500
10/24/12,10.08,10.29,10.01,10.17,6.867205,49339800
10/25/12,10.42,10.49,10.28,10.39,7.015756,59290900
10/26/12,10.35,10.42,10.22,10.36,6.995497,43485500
10/31/12,10.7,11.17,10.6,11.16,7.572235,137960900
11/1/12,11.19,11.3,10.88,11.25,7.633302,88770100
11/2/12,11.31,11.38,11.15,11.17,7.579021,53399000
11/5/12,11.15,11.35,11.13,11.25,7.633302,37995000
11/6/12,11.33,11.59,11.26,11.42,7.74865,51232200
11/7/12,11.25,11.34,11.04,11.06,7.504385,56674900
11/8/12,11.07,11.23,10.89,10.9,7.395819,45948800
11/9/12,10.76,11.1,10.71,10.93,7.416178,40703600
11/12/12,11.03,11.16,10.96,10.97,7.443318,25723100
11/13/12,10.89,11.1,10.86,11,7.463671,33342900
11/14/12,11.02,11.05,10.62,10.67,7.239764,45664700
11/15/12,10.57,10.8,10.46,10.57,7.171911,48879800
11/16/12,10.58,10.64,10.38,10.5,7.124415,45346200
11/19/12,10.65,10.9,10.65,10.83,7.348325,39359100
11/20/12,10.85,11.02,10.76,10.85,7.361897,34739800
11/21/12,10.84,11,10.8,10.92,7.409392,21181700
11/23/12,10.98,11.1,10.96,11.1,7.531525,16032200
11/26/12,11.05,11.14,10.97,11.11,7.538309,26831700
11/27/12,11.1,11.27,11.1,11.1,7.531525,37610000
11/28/12,11.05,11.26,10.98,11.25,7.633302,38496900
11/29/12,11.32,11.53,11.32,11.53,7.823286,57289300
11/30/12,11.52,11.6,11.33,11.45,7.769008,41329600
12/3/12,11.56,11.7,11.4,11.41,7.741865,47746300
12/4/12,11.4,11.44,11.23,11.31,7.674012,37760200
12/5/12,11.32,11.4,11.18,11.31,7.674012,33152400
12/6/12,11.26,11.31,11.19,11.24,7.626516,31065800
12/7/12,11.27,11.5,11.26,11.48,7.78936,38404500
12/10/12,11.41,11.53,11.41,11.47,7.782577,26025200
12/11/12,11.51,11.58,11.4,11.49,7.796146,36326900
12/12/12,11.52,11.56,11.43,11.47,7.782577,31099900
12/13/12,11.46,11.5,11.21,11.27,7.646873,35443200
12/14/12,11.27,11.27,11.03,11.1,7.531525,36933500
12/17/12,11.16,11.41,11.14,11.39,7.728293,46983300
12/18/12,11.48,11.68,11.4,11.67,7.918281,61810400
12/19/12,11.79,11.85,11.62,11.73,7.95899,54884700
12/20/12,11.74,11.8,11.58,11.77,7.986129,47750100
12/21/12,11.55,11.86,11.47,11.86,8.047194,94489300
12/24/12,11.67,12.4,11.67,12.4,8.413596,91734900
12/26/12,12.31,12.79,12.31,12.79,8.678216,140331900
12/27/12,12.79,12.81,12.36,12.76,8.65786,108315100
12/28/12,12.55,12.88,12.52,12.87,8.732499,95668600
12/31/12,12.88,13.08,12.76,12.95,8.786778,106908900
1/2/13,13.23,13.28,13,13.2,8.956407,75274700
1/3/13,13.24,13.7,13.05,13.46,9.132822,121284700
1/4/13,13.51,13.61,13.35,13.57,9.207458,54669900
1/7/13,13.52,13.58,13.35,13.43,9.112467,43482400
1/8/13,13.38,13.43,13.2,13.35,9.058185,46336200
1/9/13,13.4,13.6,13.39,13.47,9.139608,36973900
1/10/13,13.78,13.94,13.68,13.83,9.383872,84884300
1/11/13,14,14.07,13.9,14,9.499222,67641200
1/14/13,14.04,14.08,13.86,13.99,9.492434,46224800
1/15/13,13.91,14.3,13.89,14.3,9.702772,55425000
1/16/13,14.16,14.25,14.01,14.22,9.648494,51453400
1/17/13,14.27,14.3,14.07,14.22,9.648494,44299300
1/18/13,14.1,14.13,13.97,14.11,9.573857,45716100
1/22/13,14.06,14.19,14,14.17,9.614568,35467900
1/23/13,14,14.02,13.79,13.88,9.417799,58122200
1/24/13,13.82,13.98,13.81,13.87,9.411014,42532700
1/25/13,13.83,13.84,13.64,13.68,9.282093,53405400
1/28/13,13.49,13.82,13.42,13.78,9.418798,51189300
1/29/13,13.56,13.61,12.89,13.14,8.981349,131146500
1/30/13,13.01,13.2,12.89,12.93,8.837811,59595900
1/31/13,12.86,13.02,12.67,12.95,8.851481,65844000
2/1/13,13.1,13.13,12.94,13.02,8.899326,45222500
2/4/13,12.94,13,12.86,12.88,8.803636,32702200
2/5/13,12.97,13.25,12.94,13.18,9.00869,39116500
2/6/13,13.13,13.27,13.05,13.2,9.02236,33520400
2/7/13,13.26,13.31,13,13.07,8.933503,33987500
2/8/13,13.1,13.16,13.05,13.1,8.95401,18613300
2/11/13,13.06,13.2,13.02,13.11,8.960843,17688900
2/12/13,13.12,13.2,13.05,13.08,8.940337,26243300
2/13/13,13.11,13.14,12.99,13.04,8.912999,24503600
2/14/13,13,13.17,12.96,13.11,8.960843,33489000
2/15/13,13.14,13.14,13.01,13.02,8.899326,32418700
2/19/13,13.04,13.09,12.9,12.99,8.878821,31089900
2/20/13,12.95,12.98,12.57,12.6,8.612251,50381800
2/21/13,12.51,12.51,12.3,12.39,8.468714,43703700
2/22/13,12.44,12.5,12.31,12.48,8.530232,23866400
2/25/13,12.53,12.57,12.1,12.13,8.291004,38627200
2/26/13,12.24,12.35,12.11,12.34,8.43454,29191400
2/27/13,12.35,12.85,12.35,12.76,8.721615,51569900
2/28/13,12.78,12.87,12.6,12.61,8.619088,37659400
3/1/13,12.56,12.75,12.38,12.61,8.619088,38806100
3/4/13,12.55,12.75,12.53,12.75,8.714779,24337100
3/5/13,12.87,12.98,12.79,12.87,8.796802,26863200
3/6/13,12.97,13,12.85,12.89,8.810474,28953400
3/7/13,12.89,12.91,12.77,12.83,8.769462,27702800
3/8/13,12.94,12.99,12.81,12.98,8.871986,24715100
3/11/13,12.97,13.4,12.9,13.34,9.118052,48696900
3/12/13,13.37,13.47,13.17,13.39,9.152226,46047600
3/13/13,13.37,13.45,13.35,13.4,9.159061,26467800
3/14/13,13.43,13.45,13.37,13.43,9.179569,31653300
3/15/13,13.31,13.45,13.26,13.45,9.19324,62961000
3/18/13,13.16,13.39,12.8,13.26,9.063372,36877600
3/19/13,13.27,13.35,13.09,13.16,8.99502,37639900
3/20/13,13.22,13.4,13.18,13.36,9.131722,32690500
3/21/13,13.25,13.42,13.23,13.26,9.063372,29740300
3/22/13,13.24,13.31,13.2,13.26,9.063372,21423900
3/25/13,13.31,13.4,13.26,13.29,9.083874,27238000
3/26/13,13.35,13.37,13.24,13.31,9.097547,24236700
3/27/13,13.23,13.25,13.1,13.22,9.036031,26240600
3/28/13,13.24,13.24,13.1,13.15,8.988184,25472400
4/1/13,13.01,13.15,12.9,12.9,8.817307,32961500
4/2/13,13,13.19,12.96,13.01,8.892493,35189300
4/3/13,13.05,13.05,12.59,12.68,8.666933,45189000
4/4/13,12.68,12.78,12.45,12.65,8.646427,29803800
4/5/13,12.43,12.5,12.15,12.44,8.50289,42605700
4/8/13,12.46,12.83,12.4,12.78,8.735287,23884700
4/9/13,12.85,12.96,12.75,12.8,8.748955,29826000
4/10/13,12.87,13.13,12.82,13.12,8.967677,31089600
4/11/13,13.15,13.58,13.13,13.55,9.26159,51493300
4/12/13,13.43,13.55,13.26,13.53,9.24792,37955000
4/15/13,13.36,13.46,12.91,12.95,8.851481,55885900
4/16/13,13.17,13.24,13,13.12,8.967677,36338200
4/17/13,12.97,13.05,12.8,12.93,8.837811,44583600
4/18/13,12.94,12.98,12.65,12.75,8.714779,34877900
4/19/13,12.88,12.97,12.75,12.93,8.837811,26971400
4/22/13,12.97,13.08,12.8,13.06,8.926668,26082200
4/23/13,13.12,13.45,13.11,13.36,9.131722,40082600
4/24/13,13.48,13.54,13.12,13.33,9.111215,46026300
4/25/13,13.4,13.56,13.35,13.47,9.20691,42016000
4/26/13,13.52,13.76,13.45,13.67,9.343612,43814900
4/29/13,13.73,13.76,13.57,13.66,9.336775,20659200
4/30/13,13.66,13.74,13.52,13.71,9.370952,24858800
5/1/13,13.64,13.78,13.35,13.38,9.212589,39344800
5/2/13,13.54,13.55,13.38,13.41,9.233244,33982900
5/3/13,13.58,13.83,13.57,13.83,9.522429,45933600
5/6/13,13.86,14.15,13.83,14.09,9.701447,53821400
5/7/13,14.2,14.25,14.09,14.19,9.770301,42070400
5/8/13,14.15,14.24,14.1,14.21,9.784073,33334600
5/9/13,14.19,14.26,14.16,14.2,9.777186,30575000
5/10/13,14.21,14.23,14.02,14.11,9.715219,30885100
5/13/13,14.1,14.12,13.92,14.01,9.646364,22758500
5/14/13,14,14.3,13.98,14.27,9.825381,32390700
5/15/13,14.28,14.77,14.27,14.67,10.100799,56875000
5/16/13,14.77,14.85,14.6,14.64,10.080142,40924300
5/17/13,14.79,15.15,14.75,15.08,10.383097,59729800
5/20/13,15.01,15.23,15,15.05,10.362441,34580000
5/21/13,15.07,15.22,14.75,14.95,10.293588,61840300
5/22/13,15.08,15.32,14.86,14.97,10.307357,67147900
5/23/13,14.5,14.94,14.37,14.81,10.197193,49128700
5/24/13,14.71,14.88,14.66,14.79,10.183421,25287100
5/28/13,15.22,15.35,15.1,15.28,10.520805,59250500
5/29/13,15.27,15.72,15.24,15.63,10.761789,65167400
5/30/13,15.76,16.02,15.74,15.9,10.947695,61805000
5/31/13,15.88,16.040001,15.68,15.68,10.79622,52117500
6/3/13,15.93,16.08,15.51,15.89,10.94081,59017900
6/4/13,15.98,16.09,15.63,15.78,10.86507,50273400
6/5/13,15.7,15.71,15.18,15.25,10.500147,64862400
6/6/13,15.25,15.48,15.06,15.44,10.630969,54819200
6/7/13,15.58,15.76,15.46,15.73,10.830647,37099500
6/10/13,15.86,15.9,15.6,15.71,10.816875,29589300
6/11/13,15.52,15.68,15.4,15.51,10.679169,35360600
6/12/13,15.63,15.71,15.31,15.37,10.58277,36207400
6/13/13,15.31,15.6,15.18,15.58,10.727364,34327500
6/14/13,15.52,15.57,15.35,15.37,10.58277,27186000
6/17/13,15.53,15.72,15.44,15.55,10.706709,31340000
6/18/13,15.54,15.71,15.44,15.65,10.775562,25950200
6/19/13,15.6,15.62,15.31,15.32,10.548344,35997500
6/20/13,15.19,15.28,14.75,14.82,10.204079,57313900
6/21/13,15.02,15.06,14.59,15,10.328014,48218100
6/24/13,14.67,14.83,14.3,14.67,10.100799,58598000
6/25/13,14.85,15,14.84,14.97,10.307357,34031900
6/26/13,15.16,15.31,15.1,15.29,10.527689,39595100
6/27/13,15.43,15.7,15.39,15.65,10.775562,35859600
6/28/13,15.56,15.65,15.44,15.47,10.651624,45034700
7/1/13,15.61,15.79,15.56,15.74,10.837528,36012200
7/2/13,15.76,16.209999,15.69,16.18,11.140486,70275900
7/3/13,16.15,16.450001,16.139999,16.43,11.312619,38114000
7/5/13,16.530001,16.74,16.48,16.700001,11.498523,44728400
7/8/13,16.85,16.93,16.75,16.809999,11.57426,42019600
7/9/13,16.860001,16.940001,16.719999,16.84,11.594919,33762200
7/10/13,16.76,16.879999,16.65,16.719999,11.512295,38162900
7/11/13,16.950001,16.99,16.860001,16.98,11.691311,34601800
7/12/13,16.98,17.110001,16.969999,17.110001,11.780823,27297500
7/15/13,17.24,17.290001,17.1,17.120001,11.787706,26663500
7/16/13,16.950001,16.950001,16.41,16.6,11.429667,63282600
7/17/13,16.639999,16.83,16.620001,16.780001,11.553604,27888100
7/18/13,16.82,16.98,16.780001,16.93,11.656886,24606400
7/19/13,16.889999,16.889999,16.65,16.76,11.539834,29592500
7/22/13,16.870001,17.040001,16.83,17.040001,11.732624,28745600
7/23/13,17.16,17.17,16.82,16.940001,11.663772,35016900
7/24/13,17.48,17.68,17.25,17.370001,11.959841,78608500
7/25/13,17.26,17.27,16.879999,16.959999,11.677544,51510200
7/26/13,16.92,17.129999,16.9,17.02,11.718853,30356000
7/29/13,17.08,17.190001,17.049999,17.08,11.760166,27823400
7/30/13,17.190001,17.25,17.059999,17.08,11.760166,25879200
7/31/13,17.09,17.15,16.84,16.879999,11.690906,42156300
8/1/13,17.040001,17.209999,16.950001,17.190001,11.905609,39519600
8/2/13,17.15,17.5,17.120001,17.5,12.120311,32233600
8/5/13,17.440001,17.5,17.110001,17.190001,11.905609,53813000
8/6/13,17.18,17.23,17,17.030001,11.794797,29014000
8/7/13,16.950001,16.959999,16.719999,16.77,11.614722,33058100
8/8/13,16.940001,17.030001,16.870001,16.98,11.760163,26626200
8/9/13,16.950001,17.110001,16.940001,17.02,11.787868,25625300
8/12/13,16.91,17.139999,16.889999,17.07,11.822498,23170600
8/13/13,17.15,17.209999,16.959999,17.059999,11.815572,22372000
8/14/13,17.040001,17.059999,16.85,16.889999,11.697833,29255700
8/15/13,16.709999,16.73,16.219999,16.43,11.379243,55905300
8/16/13,16.450001,16.6,16.219999,16.299999,11.289204,30477300
8/19/13,16.290001,16.309999,16.110001,16.120001,11.164539,28013600
8/20/13,16.059999,16.360001,15.82,16.309999,11.296129,42599300
8/21/13,16.309999,16.42,16.110001,16.25,11.254576,34926600
8/22/13,16.290001,16.49,16.25,16.41,11.36539,16464700
8/23/13,16.469999,16.52,16.35,16.450001,11.393094,21547100
8/26/13,16.440001,16.620001,16.379999,16.41,11.36539,24792600
8/27/13,16.16,16.18,15.85,15.88,10.99832,44005000
8/28/13,15.86,16.15,15.71,16.02,11.095278,37027600
8/29/13,16.209999,16.66,16.15,16.5,11.427723,47714900
8/30/13,16.58,16.59,16.120001,16.190001,11.213021,40290600
9/3/13,16.42,16.540001,16.209999,16.34,11.316907,33457700
9/4/13,16.379999,17.02,16.370001,16.91,11.711685,69533900
9/5/13,17.1,17.35,17.030001,17.299999,11.981793,55979000
9/6/13,17.33,17.34,16.82,17,11.774015,61718600
9/9/13,17.110001,17.41,17.1,17.309999,11.98872,38517000
9/10/13,17.49,17.68,17.370001,17.549999,12.154943,45850700
9/11/13,17.5,17.58,17.389999,17.540001,12.148015,32902300
9/12/13,17.549999,17.559999,17.309999,17.389999,12.044127,26855400
9/13/13,17.450001,17.49,17.280001,17.35,12.016423,21572800
9/16/13,17.530001,17.59,17.299999,17.35,12.016423,26976600
9/17/13,17.35,17.450001,17.299999,17.440001,12.078756,23176300
9/18/13,17.360001,17.77,17.34,17.629999,12.210347,45114100
9/19/13,17.75,17.77,17.51,17.66,12.231124,30748200
9/20/13,17.709999,17.709999,17.299999,17.389999,12.044127,47887900
9/23/13,17.27,17.35,16.98,17.200001,11.912536,42733400
9/24/13,17.23,17.4,17.08,17.26,11.954089,33787600
9/25/13,17.25,17.4,17.16,17.190001,11.905609,31630300
9/26/13,17.26,17.379999,17.120001,17.27,11.961016,32360900
9/27/13,17.17,17.200001,17,17.049999,11.808647,34022600
9/30/13,16.77,17.01,16.690001,16.870001,11.683981,36511300
10/1/13,16.93,17.34,16.92,17.190001,11.905609,41817000
10/2/13,17.09,17.219999,16.950001,17.209999,11.919459,29527300
10/3/13,17.110001,17.17,16.76,16.950001,11.739389,36628800
10/4/13,16.969999,17.139999,16.940001,17.09,11.836349,24991600
10/7/13,16.860001,16.950001,16.809999,16.809999,11.642424,30339600
10/8/13,16.83,16.85,16.450001,16.5,11.427723,45491300
10/9/13,16.51,16.74,16.35,16.620001,11.510836,50838200
10/10/13,16.870001,17,16.83,16.93,11.725536,46955700
10/11/13,17.02,17.120001,16.879999,17.110001,11.850204,30814200
10/14/13,16.93,17.25,16.92,17.18,11.898684,31229600
10/15/13,17.18,17.209999,16.950001,16.969999,11.753238,39294100
10/16/13,17.08,17.290001,17.030001,17.290001,11.974867,33098300
10/17/13,17.24,17.49,17.24,17.459999,12.092605,26889400
10/18/13,17.52,17.549999,17.43,17.530001,12.141088,23022100
10/21/13,17.59,17.6,17.41,17.5,12.120311,22159700
10/22/13,17.549999,17.68,17.440001,17.6,12.18957,30226500
10/23/13,17.66,17.709999,17.389999,17.52,12.134163,45496200
10/24/13,18.01,18.02,17.639999,17.76,12.300386,71402500
10/25/13,17.84,17.85,17.42,17.6,12.18957,47515700
10/28/13,17.66,17.719999,17.52,17.57,12.168793,37323000
10/29/13,17.57,17.620001,17.41,17.610001,12.196498,36931500
10/30/13,17.620001,17.639999,17.25,17.34,12.078086,39898500
10/31/13,17.290001,17.33,17.1,17.110001,11.917878,38742700
11/1/13,17.24,17.24,16.76,16.889999,11.76464,52493000
11/4/13,16.969999,17.01,16.780001,17,11.841258,33974700
11/5/13,16.889999,17.139999,16.83,17.09,11.903947,43517500
11/6/13,17.16,17.200001,16.85,16.91,11.77857,37052400
11/7/13,16.91,16.92,16.530001,16.549999,11.527812,47526900
11/8/13,16.66,16.870001,16.610001,16.85,11.736778,38987300
11/11/13,16.870001,17.139999,16.73,16.889999,11.76464,29561200
11/12/13,16.799999,16.85,16.66,16.719999,11.646229,31432300
11/13/13,16.66,17.1,16.639999,17.1,11.910909,39160000
11/14/13,17.120001,17.200001,17.01,17.09,11.903947,35559900
11/15/13,17.129999,17.15,17,17.07,11.890018,33100600
11/18/13,17.07,17.18,16.92,16.98,11.827327,31231300
11/19/13,16.99,17.030001,16.82,16.870001,11.750709,26841800
11/20/13,16.889999,17.08,16.84,16.92,11.785537,31077800
11/21/13,17.01,17.15,16.98,17.09,11.903947,33042300
11/22/13,17.120001,17.139999,17,17.01,11.848228,29789000
11/25/13,17.1,17.139999,16.93,16.940001,11.799468,25125300
11/26/13,17.049999,17.049999,16.85,16.870001,11.750709,26440600
11/27/13,16.860001,17.09,16.809999,17.030001,11.862156,31559700
11/29/13,17.059999,17.18,17.040001,17.08,11.896984,14918800
12/2/13,17.120001,17.200001,17.030001,17.059999,11.883052,27749600
12/3/13,17.049999,17.200001,16.42,16.559999,11.534779,74867000
12/4/13,16.610001,16.76,16.49,16.620001,11.576572,40104000
12/5/13,16.66,16.860001,16.52,16.74,11.660158,44793800
12/6/13,16.92,16.950001,16.610001,16.700001,11.632297,33254500
12/9/13,16.68,16.790001,16.5,16.559999,11.534779,34369700
12/10/13,16.540001,16.690001,16.51,16.530001,11.513885,30523600
12/11/13,16.540001,16.610001,16.33,16.41,11.430298,37848800
12/12/13,16.360001,16.459999,16.200001,16.389999,11.416366,30945400
12/13/13,16.469999,16.790001,16.459999,16.59,11.555676,48535500
12/16/13,16.719999,16.940001,16.709999,16.860001,11.743741,38001800
12/17/13,16.860001,16.99,16.66,16.700001,11.632297,40555800
12/18/13,15.99,16,15.17,15.65,10.900923,220363000
12/19/13,15.46,15.5,15.25,15.3,10.657134,84636000
12/20/13,15.35,15.5,15.32,15.42,10.740719,61508000
12/23/13,15.49,15.5,15.12,15.15,10.552649,59222000
12/24/13,15.2,15.23,15.1,15.19,10.580512,22642200
12/26/13,15.23,15.34,15.22,15.33,10.678031,24966000
12/27/13,15.35,15.35,15.25,15.3,10.657134,21842000
12/30/13,15.36,15.42,15.25,15.28,10.643202,32832800
12/31/13,15.29,15.43,15.26,15.43,10.747683,27829000
1/2/14,15.42,15.45,15.28,15.44,10.754648,31528500
1/3/14,15.52,15.64,15.3,15.51,10.803408,46122300
1/6/14,15.72,15.76,15.52,15.58,10.852166,42657600
1/7/14,15.73,15.74,15.35,15.38,10.712855,54476300
1/8/14,15.6,15.71,15.51,15.54,10.824304,48448300
1/9/14,15.83,16.02,15.77,15.84,11.033268,67836500
1/10/14,16.01,16.110001,15.94,16.07,11.193474,44984000
1/13/14,16.370001,16.530001,16.08,16.110001,11.221334,57566400
1/14/14,16.309999,16.43,16.17,16.4,11.42333,44039200
1/15/14,16.370001,16.73,16.35,16.700001,11.632297,64118200
1/16/14,16.67,16.76,16.559999,16.73,11.653191,38410800
1/17/14,16.780001,16.780001,16.450001,16.52,11.506917,37152100
1/21/14,16.639999,16.68,16.360001,16.41,11.430298,35597200
1/22/14,16.440001,16.620001,16.370001,16.549999,11.527812,28741900
1/23/14,16.49,16.530001,16.309999,16.43,11.444229,37860800
1/24/14,16.190001,16.209999,15.78,15.83,11.026301,66023500
1/27/14,15.9,15.91,15.52,15.71,10.942718,51218700
1/28/14,15.97,16.01,15.51,15.72,10.949681,57677500
1/29/14,15.48,15.53,15.2,15.26,10.714469,52241500
1/30/14,15.43,15.45,15.18,15.25,10.707448,32654100
1/31/14,15.09,15.1,14.9,14.96,10.503831,64132600
2/3/14,15,15,14.4,14.55,10.21596,92427200
2/4/14,14.57,14.93,14.45,14.87,10.44064,55397500
2/5/14,14.93,14.93,14.5,14.73,10.34234,45466500
2/6/14,14.57,14.85,14.53,14.85,10.426598,47527100
2/7/14,14.94,15.13,14.94,14.97,10.510852,38410500
2/10/14,15.05,15.06,14.78,14.84,10.419577,36217700
2/11/14,14.91,15.01,14.82,14.96,10.503831,43482100
2/12/14,15.09,15.12,14.99,15,10.531915,30519400
2/13/14,14.9,15.09,14.88,15.08,10.588087,27008800
2/14/14,15.12,15.36,15.03,15.24,10.700424,34282200
2/18/14,15.38,15.45,15.28,15.39,10.805745,32167900
2/19/14,15.31,15.49,15.21,15.25,10.707448,26262500
2/20/14,15.27,15.3,15.15,15.27,10.721491,20647300
2/21/14,15.27,15.31,15.11,15.16,10.644256,29967600
2/24/14,15.18,15.36,15.12,15.18,10.658298,30412900
2/25/14,15.21,15.29,15.11,15.15,10.637233,26401400
2/26/14,15.14,15.46,15.07,15.26,10.714469,34682200
2/27/14,15.22,15.43,15.16,15.39,10.805745,25727700
2/28/14,15.33,15.41,15.23,15.39,10.805745,35687900
3/3/14,15.2,15.32,15.03,15.2,10.672341,42824000
3/4/14,15.33,15.39,15.27,15.37,10.791704,33071700
3/5/14,15.38,15.67,15.36,15.63,10.974256,32955900
3/6/14,15.72,15.83,15.66,15.67,11.00234,26630800
3/7/14,15.72,15.8,15.54,15.62,10.967234,23666900
3/10/14,15.5,15.64,15.45,15.51,10.890001,30496600
3/11/14,15.49,15.52,15.17,15.3,10.742554,34612800
3/12/14,15.24,15.42,15.15,15.4,10.812767,31250500
3/13/14,15.46,15.46,15.1,15.18,10.658298,34344100
3/14/14,15.18,15.25,15.06,15.08,10.588087,26943300
3/17/14,15.18,15.33,15.16,15.28,10.728513,26929100
3/18/14,15.29,15.57,15.28,15.49,10.875959,28324200
3/19/14,15.51,15.55,15.35,15.48,10.868937,24374300
3/20/14,15.45,15.55,15.37,15.55,10.918085,21203100
3/21/14,15.73,15.74,15.45,15.47,10.861915,31678500
3/24/14,15.48,15.54,15.3,15.39,10.805745,27033600
3/25/14,15.42,15.46,15.29,15.33,10.763618,24656700
3/26/14,15.38,15.44,15.23,15.25,10.707448,24444100
3/27/14,15.25,15.38,15.17,15.25,10.707448,28244800
3/28/14,15.32,15.58,15.31,15.45,10.847872,36615100
3/31/14,15.6,15.63,15.48,15.6,10.953192,27054500
4/1/14,15.67,16.450001,15.67,16.32,11.458726,84938900
4/2/14,16.25,16.49,16.15,16.459999,11.557021,39927100
4/3/14,16.459999,16.49,16.34,16.389999,11.507872,26108300
4/4/14,16.49,16.49,16.110001,16.129999,11.325319,30524900
4/7/14,16.08,16.17,15.86,15.94,11.191916,28112900
4/8/14,15.99,16.16,15.92,16.1,11.304256,26836400
4/9/14,16,16.09,15.75,15.84,11.121702,36882800
4/10/14,15.9,15.91,15.59,15.63,10.974256,31254900
4/11/14,15.8,15.93,15.6,15.63,10.974256,39337200
4/14/14,15.73,15.77,15.53,15.7,11.023405,20414700
4/15/14,15.77,15.88,15.66,15.84,11.121702,28666200
4/16/14,15.94,16.07,15.9,16.07,11.283192,21853800
4/17/14,15.99,16.1,15.99,16,11.234043,17657900
4/21/14,16.01,16.08,15.9,15.98,11.22,24911800
4/22/14,15.96,16.18,15.93,16.1,11.304256,18916800
4/23/14,16.08,16.32,16.08,16.23,11.395532,19808700
4/24/14,16.41,16.440001,16.200001,16.32,11.458726,27453200
4/25/14,15.81,15.9,15.71,15.78,11.079575,53874200
4/28/14,15.94,16.049999,15.75,15.97,11.21298,33030100
4/29/14,16,16.15,15.91,16.120001,11.318299,27163700
4/30/14,16.030001,16.18,15.92,16.15,11.427978,26525000
5/1/14,16.15,16.200001,15.85,15.91,11.258151,30722100
5/2/14,15.95,15.98,15.8,15.9,11.251076,22173000
5/5/14,15.81,15.87,15.71,15.74,11.137855,25120400
5/6/14,15.74,15.76,15.53,15.56,11.010486,23289100
5/7/14,15.63,15.63,15.43,15.46,10.939723,32181800
5/8/14,15.54,15.95,15.51,15.81,11.18739,36793400
5/9/14,15.73,15.9,15.73,15.77,11.159085,25172600
5/12/14,15.81,15.9,15.78,15.84,11.208618,17441400
5/13/14,15.85,15.9,15.75,15.86,11.222768,16509300
5/14/14,15.85,15.89,15.75,15.75,11.144934,15087900
5/15/14,15.74,15.75,15.55,15.69,11.102476,27244300
5/16/14,15.7,15.86,15.56,15.76,11.152009,25639200
5/19/14,15.72,15.94,15.72,15.92,11.265227,17368300
5/20/14,15.9,15.93,15.74,15.77,11.159085,20348900
5/21/14,15.82,15.98,15.8,15.91,11.258151,17809700
5/22/14,15.85,16.030001,15.85,15.91,11.258151,24843700
5/23/14,15.91,16.030001,15.9,16.02,11.335988,17004400
5/27/14,16.09,16.200001,16.049999,16.16,11.435054,21034700
5/28/14,16.17,16.360001,16.15,16.309999,11.541198,23241400
5/29/14,16.4,16.559999,16.370001,16.540001,11.703947,42832500
5/30/14,16.4,16.540001,16.370001,16.440001,11.633187,23065400
6/2/14,16.51,16.51,16.379999,16.440001,11.633187,17975100
6/3/14,16.459999,16.719999,16.450001,16.549999,11.711024,32579900
6/4/14,16.549999,16.85,16.459999,16.790001,11.880853,33699600
6/5/14,16.82,16.889999,16.6,16.68,11.803013,34824800
6/6/14,16.67,17.08,16.67,17.08,12.086061,38583400
6/9/14,17.01,17.120001,17,17,12.029452,23144300
6/10/14,17.01,17.08,16.99,17.01,12.036529,21980100
6/11/14,16.969999,17.01,16.879999,16.9,11.958693,21409200
6/12/14,16.889999,16.93,16.5,16.52,11.689796,28544500
6/13/14,16.530001,16.65,16.5,16.559999,11.718098,20323400
6/16/14,16.469999,16.68,16.379999,16.629999,11.767632,22219600
6/17/14,16.58,16.799999,16.530001,16.790001,11.880853,17785400
6/18/14,16.790001,16.85,16.629999,16.83,11.909158,22925800
6/19/14,16.870001,16.870001,16.76,16.780001,11.873776,16728500
6/20/14,16.870001,16.870001,16.65,16.67,11.795936,29981400
6/23/14,16.700001,16.92,16.68,16.879999,11.944538,23084400
6/24/14,16.84,17.200001,16.83,16.969999,12.00822,37736500
6/25/14,16.950001,17.26,16.92,17.200001,12.170974,37496700
6/26/14,17.27,17.27,17.049999,17.200001,12.170974,22189100
6/27/14,17.18,17.290001,17.15,17.280001,12.227584,31415200
6/30/14,17.299999,17.35,17.200001,17.24,12.199276,24073800
7/1/14,17.34,17.4,17.07,17.209999,12.178049,36171500
7/2/14,17.190001,17.299999,17.17,17.219999,12.185126,17001400
7/3/14,17.23,17.34,17.219999,17.32,12.25589,13581200
7/7/14,17.190001,17.4,17.190001,17.32,12.25589,20271600
7/8/14,17.219999,17.24,17.049999,17.110001,12.107288,23323400
7/9/14,17.16,17.450001,17.139999,17.43,12.333727,27037000
7/10/14,17.200001,17.389999,17.17,17.299999,12.241735,20164400
7/11/14,17.309999,17.49,17.290001,17.469999,12.362029,20150000
7/14/14,17.51,17.6,17.450001,17.549999,12.418641,20446700
7/15/14,17.549999,17.65,17.450001,17.540001,12.411566,22626400
7/16/14,17.66,17.870001,17.620001,17.799999,12.595545,36063400
7/17/14,17.66,18.08,17.639999,17.74,12.553086,47287300
7/18/14,17.799999,17.84,17.65,17.719999,12.538933,24838800
7/21/14,17.65,17.9,17.65,17.700001,12.524785,19197700
7/22/14,17.77,17.860001,17.67,17.82,12.609696,24546100
7/23/14,17.83,17.950001,17.780001,17.780001,12.58139,30932500
7/24/14,18.01,18.120001,17.68,17.84,12.623849,53838000
7/25/14,17.9,17.92,17.51,17.620001,12.468173,34499800
7/28/14,17.620001,17.709999,17.469999,17.639999,12.482322,29662100
7/29/14,17.65,17.85,17.540001,17.57,12.432792,32972800
7/30/14,17.52,17.6,17.32,17.459999,12.443479,30169700
7/31/14,17.299999,17.33,17.01,17.02,12.129901,34170600
8/1/14,17.049999,17.18,16.719999,16.809999,11.980237,33678000
8/4/14,16.959999,17.139999,16.940001,17.02,12.129901,24871300
8/5/14,16.940001,17.139999,16.780001,16.870001,12.022999,24843500
8/6/14,16.74,17.08,16.74,16.98,12.101392,21872900
8/7/14,17.040001,17.1,16.77,16.82,11.987362,19997700
8/8/14,16.799999,17.120001,16.75,17.09,12.179789,29370400
8/11/14,17.17,17.25,17.110001,17.17,12.236802,17814900
8/12/14,17.15,17.41,17.139999,17.209999,12.26531,25514800
8/13/14,17.48,17.48,17.32,17.42,12.414973,26177800
8/14/14,17.4,17.48,17.23,17.43,12.422103,19733500
8/15/14,17.49,17.49,17.17,17.309999,12.336578,20958100
8/18/14,17.379999,17.52,17.379999,17.43,12.422103,17174900
8/19/14,17.51,17.52,17.32,17.360001,12.372214,15899400
8/20/14,17.35,17.43,17.25,17.41,12.407846,14204600
8/21/14,17.43,17.49,17.370001,17.4,12.400721,15051300
8/22/14,17.32,17.389999,17.15,17.17,12.236802,20294800
8/25/14,17.209999,17.290001,17.200001,17.23,12.279564,10770300
8/26/14,17.26,17.35,17.190001,17.190001,12.251057,12167200
8/27/14,17.23,17.4,17.209999,17.360001,12.372214,18221100
8/28/14,17.27,17.450001,17.209999,17.42,12.414973,16855000
8/29/14,17.469999,17.49,17.389999,17.41,12.407846,15373400
9/2/14,17.48,17.620001,17.48,17.6,12.543258,18538300
9/3/14,17.709999,17.870001,17.440001,17.469999,12.450608,25723900
9/4/14,17.459999,17.629999,17.190001,17.27,12.308072,20733700
9/5/14,17.299999,17.299999,16.940001,17.139999,12.215423,29801700
9/8/14,16.74,16.870001,16.709999,16.799999,11.973109,47565300
9/9/14,16.790001,16.82,16.59,16.629999,11.851952,26656600
9/10/14,16.65,16.719999,16.610001,16.629999,11.851952,16644400
9/11/14,16.59,16.67,16.51,16.66,11.873335,14658900
9/12/14,16.639999,16.68,16.5,16.59,11.823446,16470100
9/15/14,16.559999,16.620001,16.42,16.469999,11.737924,23691600
9/16/14,16.379999,16.530001,16.16,16.52,11.773558,23772600
9/17/14,16.59,16.700001,16.52,16.530001,11.780686,25366300
9/18/14,16.540001,16.65,16.5,16.58,11.816319,19453000
9/19/14,16.68,16.77,16.58,16.65,11.866207,35006900
9/22/14,16.58,16.610001,16.34,16.360001,11.659528,23800300
9/23/14,16.309999,16.35,16.139999,16.17,11.524121,28285100
9/24/14,16.24,16.450001,16.24,16.41,11.695164,22021600
9/25/14,16.4,16.4,16.17,16.200001,11.545501,19054900
9/26/14,16.23,16.33,16.18,16.33,11.638146,20432100
9/29/14,16.15,16.4,14.83,15.11,10.768671,82938700
9/30/14,15.01,15.15,14.49,14.79,10.540613,115056700
10/1/14,14.77,14.83,14.56,14.59,10.398076,55948300
10/2/14,14.66,14.67,14.44,14.56,10.376694,37781800
10/3/14,14.66,14.69,14.5,14.59,10.398076,38177500
10/6/14,14.66,14.7,14.5,14.52,10.348188,23974300
10/7/14,14.47,14.49,14.08,14.1,10.048859,42850700
10/8/14,14.07,14.24,13.62,14.21,10.127255,50319300
10/9/14,14.21,14.22,13.8,13.84,9.863562,31768500
10/10/14,13.71,13.92,13.52,13.79,9.827929,41079500
10/13/14,13.78,13.88,13.52,13.54,9.649755,37691700
10/14/14,13.6,14.04,13.54,13.78,9.820802,43392900
10/15/14,13.59,13.77,13.26,13.62,9.706772,46497000
10/16/14,13.39,14.06,13.36,13.98,9.963338,41375500
10/17/14,14.2,14.25,13.97,14.02,9.991846,31548000
10/20/14,14.04,14.18,13.95,14.17,10.098748,18972600
10/21/14,14.26,14.28,14.1,14.26,10.162889,29926800
10/22/14,14.29,14.33,14.08,14.13,10.07024,24285200
10/23/14,14.3,14.49,14.28,14.4,10.262667,30418400
10/24/14,14.41,14.44,13.65,13.78,9.820802,91944000
10/27/14,13.87,13.89,13.68,13.82,9.849308,61472200
10/28/14,13.89,14.16,13.86,14.16,10.09162,36821800
10/29/14,14.14,14.18,13.76,13.91,10.001742,31263900
10/30/14,13.88,13.97,13.68,13.95,10.030506,25506000
10/31/14,14.13,14.15,14.04,14.09,10.131167,37277800
11/3/14,14.1,14.17,13.94,13.99,10.059264,31620700
11/4/14,13.94,14,13.86,13.95,10.030506,19695700
11/5/14,14.03,14.05,13.87,13.94,10.023314,26042800
11/6/14,13.92,14.22,13.92,14.19,10.203071,36431700
11/7/14,14.22,14.27,14.13,14.17,10.188691,30254700
11/10/14,14.19,14.2,13.95,14,10.066456,36413300
11/11/14,14.05,14.43,14,14.37,10.332498,35345600
11/12/14,14.32,14.63,14.26,14.58,10.483496,36221100
11/13/14,14.71,15.17,14.7,14.93,10.735156,50292300
11/14/14,15.01,15.27,14.99,15.14,10.886151,37093200
11/17/14,15.35,15.6,15.2,15.54,11.173766,46517300
11/18/14,15.7,15.75,15.25,15.5,11.145004,43647800
11/19/14,15.48,15.48,15.26,15.44,11.101861,22633500
11/20/14,15.37,15.65,15.28,15.46,11.116242,21163200
11/21/14,15.64,15.65,15.37,15.43,11.094673,25609600
11/24/14,15.51,15.69,15.5,15.67,11.267239,32797900
11/25/14,15.74,15.84,15.61,15.68,11.274431,32253500
11/26/14,15.65,15.68,15.52,15.61,11.224098,20003200
11/28/14,15.65,15.73,15.47,15.73,11.310383,18620300
12/1/14,15.78,15.89,15.7,15.77,11.339142,30022000
12/2/14,15.86,15.95,15.61,15.9,11.432618,32313000
12/3/14,15.88,16.129999,15.88,16.01,11.511711,37561100
12/4/14,16,16.030001,15.75,15.81,11.367908,23264600
12/5/14,15.9,15.94,15.63,15.7,11.288809,29700300
12/8/14,15.68,15.75,15.38,15.43,11.094673,25519100
12/9/14,15.05,15.43,14.75,15.43,11.094673,23382800
12/10/14,15.43,15.43,15.15,15.16,10.900534,24615500
12/11/14,15.17,15.49,15.03,15.28,10.986817,30359300
12/12/14,15.2,15.21,14.99,14.99,10.778298,22684500
12/15/14,14.86,14.92,14.27,14.28,10.267785,47476400
12/16/14,14.19,14.46,13.93,14.09,10.131167,43879300
12/17/14,14.17,14.52,14.11,14.45,10.390019,29504200
12/18/14,14.7,14.81,14.51,14.81,10.648873,35542500
12/19/14,14.79,15.05,14.74,15.03,10.807057,40843500
12/22/14,15.08,15.24,15,15.22,10.943674,25366800
12/23/14,15.21,15.45,15.21,15.33,11.022768,20828700
12/24/14,15.37,15.38,15.25,15.3,11.001198,7128800
12/26/14,15.3,15.49,15.26,15.45,11.10905,11666400
12/29/14,15.37,15.68,15.34,15.52,11.159386,19137500
12/30/14,15.48,15.6,15.45,15.5,11.145004,14795000
12/31/14,15.51,15.64,15.47,15.5,11.145004,17930200
1/2/15,15.59,15.65,15.18,15.36,11.044338,24777900
1/5/15,15.12,15.13,14.69,14.76,10.61292,44079700
1/6/15,14.88,14.9,14.38,14.62,10.512256,32981600
1/7/15,14.78,15.09,14.77,15.04,10.814247,26065300
1/8/15,15.4,15.48,15.23,15.42,11.087482,33943400
1/9/15,15.46,15.47,15.06,15.21,10.936482,23420800
1/12/15,15.31,15.32,15.11,15.22,10.943674,22750800
1/13/15,15.38,15.48,15.08,15.21,10.936482,26279400
1/14/15,15.07,15.16,14.83,15.11,10.864583,36798300
1/15/15,15.12,15.16,14.8,14.86,10.684824,24981300
1/16/15,14.81,15.04,14.75,15.02,10.799868,32089900
1/20/15,15.08,15.13,14.75,15.01,10.792677,28553700
1/21/15,14.98,15.11,14.88,14.97,10.763918,23281500
1/22/15,15.01,15.07,14.9,15.03,10.807057,23669200
1/23/15,15.02,15.08,14.89,14.91,10.720776,21620600
1/26/15,14.98,15.15,14.97,15.08,10.843012,25237200
1/27/15,14.96,14.99,14.72,14.85,10.677632,34609100
1/28/15,14.83,14.83,14.42,14.46,10.503304,40579800
1/29/15,14.62,14.96,14.3,14.85,10.786589,40731100
1/30/15,14.75,14.89,14.63,14.71,10.684896,30439700
2/2/15,14.75,15.3,14.74,15.27,11.091666,40371800
2/3/15,15.47,15.79,15.44,15.65,11.367683,48335400
2/4/15,15.68,16.02,15.65,15.87,11.527485,41179500
2/5/15,16.01,16.02,15.75,15.85,11.512958,25713200
2/6/15,15.84,16,15.77,15.86,11.52022,28187700
2/9/15,15.76,16.030001,15.72,15.92,11.563806,20286700
2/10/15,16.049999,16.139999,15.91,16.09,11.687286,27928500
2/11/15,16.08,16.309999,16.01,16.25,11.803507,34285300
2/12/15,16.34,16.450001,16.299999,16.360001,11.883408,23738800
2/13/15,16.33,16.360001,16.190001,16.299999,11.839825,19954600
2/17/15,16.209999,16.299999,16,16.110001,11.701814,44362300
2/18/15,16.16,16.33,16.059999,16.209999,11.774451,22812700
2/19/15,16.190001,16.48,16.17,16.43,11.934254,24863900
2/20/15,16.389999,16.459999,16.25,16.4,11.91246,21523600
2/23/15,16.33,16.450001,16.290001,16.379999,11.897931,19016800
2/24/15,16.360001,16.42,16.280001,16.360001,11.883408,17672500
2/25/15,16.34,16.620001,16.34,16.51,11.992362,23320200
2/26/15,16.4,16.57,16.370001,16.379999,11.897931,20800000
2/27/15,16.379999,16.4,16.219999,16.34,11.86888,20337000
3/2/15,16.34,16.59,16.34,16.57,12.035946,26341100
3/3/15,16.07,16.299999,16.059999,16.17,11.745397,37689000
3/4/15,16.09,16.139999,15.93,16.030001,11.643705,25659400
3/5/15,16.09,16.23,16.09,16.110001,11.701814,16548200
3/6/15,16.040001,16.200001,15.91,15.93,11.571069,24420500
3/9/15,15.98,16.1,15.93,16.030001,11.643705,17132400
3/10/15,15.94,15.95,15.69,15.72,11.418531,31687700
3/11/15,15.77,15.85,15.7,15.75,11.440321,20638700
3/12/15,15.88,16.23,15.86,16.17,11.745397,31172200
3/13/15,16.16,16.25,16,16.200001,11.767189,27877700
3/16/15,16.26,16.5,16.24,16.49,11.977834,37731700
3/17/15,16.389999,16.49,16.360001,16.389999,11.905197,20917700
3/18/15,16.309999,16.51,16.110001,16.459999,11.956043,33748000
3/19/15,16.42,16.459999,16.280001,16.34,11.86888,18021500
3/20/15,16.35,16.540001,16.34,16.48,11.970572,42096800
3/23/15,16.469999,16.74,16.459999,16.57,12.035946,30709000
3/24/15,16.58,16.690001,16.469999,16.559999,12.028679,16661800
3/25/15,16.530001,16.549999,16.18,16.18,11.752661,21996200
3/26/15,16.110001,16.17,15.96,16.01,11.629178,33327900
3/27/15,16.059999,16.1,15.85,15.98,11.607386,53270400
3/30/15,16.120001,16.280001,16.049999,16.16,11.738134,20537600
3/31/15,16.120001,16.290001,16.08,16.139999,11.723604,21792600
4/1/15,16.16,16.16,15.85,15.91,11.556539,27365900
4/2/15,15.93,16.040001,15.85,16.030001,11.643705,15925400
4/6/15,15.95,16.110001,15.9,16,11.621915,18522100
4/7/15,15.95,15.97,15.78,15.9,11.549277,26616700
4/8/15,15.97,16.09,15.95,15.98,11.607386,25147000
4/9/15,16,16.07,15.88,15.95,11.585596,23461900
4/10/15,15.97,16.049999,15.95,16.030001,11.643705,17657700
4/13/15,16,16.08,15.87,15.87,11.527485,22521100
4/14/15,15.9,16.049999,15.89,15.97,11.600123,21745900
4/15/15,16.01,16.08,16,16.07,11.672757,25503500
4/16/15,16.040001,16.09,15.93,15.94,11.57833,23494400
4/17/15,15.88,15.88,15.71,15.76,11.447583,32149000
4/20/15,15.89,15.92,15.82,15.91,11.556539,15250800
4/21/15,15.92,15.98,15.76,15.82,11.491167,18509500
4/22/15,15.83,15.93,15.72,15.91,11.556539,20312100
4/23/15,15.84,15.9,15.7,15.76,11.447583,28458000
4/24/15,15.73,15.87,15.7,15.77,11.454848,20293300
4/27/15,15.82,16,15.77,15.9,11.549277,34824900
4/28/15,15.93,16.08,15.77,16.059999,11.665494,56634200
4/29/15,15.86,16.1,15.82,16.02,11.746149,35126900
4/30/15,15.97,16.040001,15.74,15.8,11.584841,30269300
5/1/15,15.9,15.94,15.7,15.81,11.592174,20602200
5/4/15,15.81,15.88,15.75,15.78,11.570177,15078700
5/5/15,15.77,15.82,15.52,15.53,11.386872,32248900
5/6/15,15.61,15.66,15.4,15.48,11.35021,26381200
5/7/15,15.46,15.56,15.14,15.51,11.37221,26996600
5/8/15,15.62,15.71,15.59,15.67,11.489525,21336800
5/11/15,15.65,15.84,15.64,15.65,11.474859,17249800
5/12/15,15.59,15.65,15.5,15.56,11.408871,17670000
5/13/15,15.54,15.62,15.37,15.41,11.298885,20890400
5/14/15,15.5,15.54,15.2,15.27,11.196236,28794700
5/15/15,15.27,15.49,15.27,15.48,11.35021,18937700
5/18/15,15.47,15.64,15.45,15.58,11.423532,19491900
5/19/15,15.59,15.63,15.45,15.5,11.364877,15145300
5/20/15,15.54,15.56,15.26,15.3,11.218233,22391500
5/21/15,15.28,15.55,15.26,15.51,11.37221,23962000
5/22/15,15.5,15.5,15.27,15.27,11.196236,24795800
5/26/15,15.27,15.34,15.15,15.19,11.137578,25002900
5/27/15,15.23,15.37,15.2,15.32,11.232897,18763900
5/28/15,15.28,15.34,15.24,15.29,11.210899,13959000
5/29/15,15.31,15.4,15.16,15.17,11.122914,19060400
6/1/15,15.33,15.45,15.19,15.36,11.262227,26685300
6/2/15,15.44,15.5,15.21,15.26,11.188904,34974700
6/3/15,15.29,15.32,15.12,15.2,11.144911,24311600
6/4/15,15.13,15.17,15.01,15.05,11.034929,23428400
6/5/15,15.02,15.02,14.78,14.78,10.836959,44736900
6/8/15,14.83,15.01,14.8,14.9,10.924945,30240600
6/9/15,14.92,15.01,14.84,14.88,10.910283,20454700
6/10/15,15.01,15.08,14.95,15.03,11.020265,20961100
6/11/15,15.11,15.35,15.08,15.28,11.20357,27187100
6/12/15,15.2,15.35,15.18,15.23,11.166905,19847300
6/15/15,15.06,15.11,14.97,15.05,11.034929,23825400
6/16/15,15.01,15.04,14.93,15,10.998267,23359500
6/17/15,15.01,15.08,14.86,15.02,11.012933,25842100
6/18/15,15.03,15.24,15,15.14,11.100919,21360500
6/19/15,15.09,15.25,15.06,15.11,11.078922,24675100
6/22/15,15.14,15.25,15.1,15.13,11.093586,18863800
6/23/15,15.23,15.41,15.22,15.29,11.210899,21177800
6/24/15,15.5,15.66,15.42,15.5,11.364877,35401000
6/25/15,15.52,15.56,15.39,15.44,11.320884,23994400
6/26/15,15.43,15.49,15.35,15.4,11.291553,20428200
6/29/15,15.23,15.3,14.92,15.02,11.012933,38117400